id;nombre_clase;descripcion;horario;instructor;capacidad;participantes_inscritos
1;Holanda;Buckinghamshire Jardines;SAS cutting-edge matrix;Bedfordshire;Personal aggregate blockchains;payment firmware Riera
2;niches Dollar synthesizing;Ensalada;Diseñador;array;Tácticas;Buckinghamshire Paraguay Infraestructura
3;Rincón reinvent;transmit;Dollar microchip;Analista auxiliary;Entrada mano;drive channels Buckinghamshire
4;desafío;Inverso Refinado;array program Dollar);Verde port Algodón;Gris system;Rojo Facilitador
5;Gerente Avon Suriname;vortals estructura Sección;Explanada evolve protocol;withdrawal;Nacional hacking microchip;blockchains superestructura niches
6;optical overriding system;invoice Digitalizado;hack Gerente CSS;indexing efficient;Account alto Borders;Cuban
7;fritas;streamline emulación Identidad;Acero;parse SMS;payment;CSS Fácil
8;Pollo;Portugal Bebes RSS;Gris Colegio Hormigon;payment Torrente index;bluetooth Dong;Camiseta Consultor copy
9;Parque;León;Sopa Comunidad;Papelería Barrio AGP;lateral SMTP contexto;Comunidad Sección
10;Cliente e-services;Regional Bedfordshire;Puerta Estratega;Profundo Metal ADP;Sterling Tunez Programa;Home digital
