id;nombre_usuario;tipo_evento;nombre_evento;fecha_inscripcion
1;Fantástico Guapa;Distrito;Savings Sincronizado;2024-02-22T01:50:19
2;Buckinghamshire modelo;Interno;Bedfordshire;2024-02-21T20:24:37
3;Account;Mali withdrawal;Consultor Pescado engage;2024-02-21T22:59:12
4;Música Manzana;experiences Paradigma protocol;Loan;2024-02-22T10:22:15
5;en Pequeño;Seguro indexing aprovechar;Ergonómico;2024-02-22T08:37:10
6;protocol Relacciones wireless;SDD Account Guapa;Papelería;2024-02-21T13:28:41
7;B2C architectures;Genérico capacitor;Progresivo;2024-02-21T21:04:24
8;streamline robust;Account RSS haptic;Monte Austria Pescado;2024-02-21T23:53:23
9;Arquitecto;Global Adelante;Métricas initiatives;2024-02-22T00:23:17
10;technologies e-business Gris;Negro Interfaz;recontextualize Gris;2024-02-21T15:13:25
